SC2_submission1,SC2_submission2,SC2_submission3,SC2_submission4,SC2_submission5,SC2_submission6,SC2_submission7,SC2_submission8,SC2_submission9,SC2_submission10,SC2_submission11,SC2_submission12,SC2_submission13,SC2_submission14,SC2_submission15,SC2_submission17,SC2_submission18,SC2_submission19,SC2_submission20,SC2_submission21,SC2_submission22,SC2_submission23,SC2_submission24,SC2_submission25,SC2_submission26,SC2_submission27,SC2_submission28,SC2_submission29,SC2_submission30,SC2_submission31,SC2_submission32,SC2_submission33,SC2_submission34,SC2_submission35,SC2_submission36,SC2_submission37,SC2_submission38,SC2_submission39,SC2_submission40,SC2_submission41,SC2_submission42,SC2_submission43,SC2_submission44,SC2_submission46,SC2_submission48,SC2_submission49,SC2_submission50,SC2_submission51,SC2_submission52,SC2_submission54,SC2_submission55,SC2_submission56,SC2_submission57,SC2_submission58,SC2_submission59,SC2_submission60,SC2_submission61,SC2_submission62,SC2_submission63,SC2_submission64,label
1.0,0.069945,0.00138499999999996,0.0,0.0,0.41,0.999993,1.0,0.395499999999999,0.0,1.0,1.0,1,0.584702,0.704315642526,0.0799999999999999,1.0,1.0,0.449999999999999,1.0,0.953788,0.253656,0.996741,0.447805859625379,0.426,0.664956675,0.83,1,0.999991116293,0.468574,0.443899999999999,0.0658419999999999,0.52,1.0,0.82,0.692,1.0,1,0.999993,1.0,1.0,0.452372646260712,0.692488,0.203269908125,0.4,0.304195,0.584702,0.0,0.49,1.0,1.0,0.0,1.0,0.999951,1.0,0.49,1.0,0.4,0.426,0.0,1
0.0,0.063212,0.063802,0.0,0.000171743999999973,0.95,0.02888,0.0,0.00329999999999996,0.0,0.0,0.0600319999999999,0,0.389031,0.126127389732,0.4,0.131523999999999,0.0412029999999999,0.65,0.0366069999999999,0.216773,0.208841999999999,0.218928,0.0729886280767568,0.109999999999999,0.243972345999999,0.0,1,0.00142277535599999,0.163251999999999,0.0762,0.0142149999999999,0.72,0.0,0.02,0.372,0.0,0,0.131523999999999,0.045089,0.222222221999999,0.445723065130615,0.0221789999999999,0.20326076213,0.7,0.066177,0.389031,0.14107734,0.103999999999999,0.218928,0.017069,1.0,0.0,0.0367589999999999,0.0,0.103999999999999,0.216773,0.7,0.109999999999999,0.0,1
0.694342999999999,0.730188,0.192748,0.83215,0.344951099999999,0.635,0.875469,0.638493,0.2276,0.730188,1.0,0.999918,1,0.573851,0.491667890661,0.43,0.775408,0.918826,0.59,0.638493,0.405424,0.270686,0.251475,0.71807921697654,0.51,0.891928639999999,0.209999999999999,1,0.169925346517999,0.197061,0.4457,0.83215,0.52,0.875469,0.81,0.596,1.0,1,0.775408,0.694342999999999,0.222222221999999,0.279707634801583,0.166317999999999,0.203249634912999,0.459999999999999,0.15619,0.573851,0.369473577,0.499,0.251475,1.0,0.74,0.866959,0.866959,1.0,0.499,0.405424,0.459999999999999,0.51,0.192748,1
1.0,0.068188,0.143418999999999,1.0,0.0,0.495,0.999993,1.0,0.3711,0.0,1.0,1.0,1,0.442933,0.485409431859,0.14,1.0,1.0,0.7,1.0,0.953104,0.199944,0.978578,0.274121519063374,0.459999999999999,0.696322096,0.81,1,3.10540000381109e-08,0.05925,0.3809,0.997381,0.73,1.0,0.83,0.604,1.0,1,0.999993,1.0,0.777777778,0.452372646260712,0.00869699999999995,0.203266630774999,0.59,0.00834000000000001,0.442933,7.56079999999492e-05,0.494,1.0,1.0,0.0,1.0,0.999951,1.0,0.494,1.0,0.59,0.459999999999999,0.143418999999999,1
0.683818,0.009054,0.000306000000000028,0.0,0.0,0.765,0.218365999999999,1.0,0.0256999999999999,0.0,1.0,0.990937,1,0.171308,0.170532550563999,0.06,0.339767,0.803704,0.82,0.986247,0.899029,0.221712,0.209885,0.057350067706876,0.118,0.288043646999999,0.0,1,0.839358980432,0.045255,0.1084,0.0238749999999999,0.679999999999999,0.218365999999999,0.14,0.4,1.0,1,0.339767,0.683818,0.222222221999999,0.270008840587913,0.0397279999999999,0.203258856753,0.69,0.0444999999999999,0.171308,0.00122815399999998,0.0,0.209885,0.999592,1.0,0.257928,0.257928,0.803704,0.0839999999999999,0.899029,0.69,0.118,0.0,1
0.0,0.00810900000000003,0.0915909999999999,0.0,0.00981097900000005,0.745,0.0443329999999999,0.0,0.008,0.0,0.0,0.000446999999999975,0,0.279992,0.151731695083,0.209999999999999,0.0,0.094299,0.929999999999999,0.0128859999999999,0.190789,0.274004,0.128291,0.0146107784431137,0.0,0.317353757,0.01,1,0.000300254406000011,0.110829999999999,0.0903,0.00216099999999996,0.96,0.0,0.04,0.219999999999999,0.0,0,0.030239,7.99999999999689e-05,0.0,0.106645062008964,0.118924,0.203259999978,0.91,0.0519349999999999,0.279992,2.98000000009679e-07,0.0,0.128291,0.00033099999999997,1.0,0.0,0.0295889999999999,0.0,0.05,0.190789,0.91,0.038,0.0,1
0.294212,0.073492,0.063802,0.0,6.03729999999469e-05,0.73,0.09116,0.86574,0.00229999999999996,0.0,0.0,0.070629,0,0.245001,0.104296057893999,0.109999999999999,0.575927,0.964832,0.94,0.86574,0.209918,0.23853,0.282753999999999,0.0245679387457461,0.0,0.120646413999999,0.0,0,0.00263171683700003,0.317104,0.1328,0.0126669999999999,0.97,0.0,0.12,0.323999999999999,0.0,0,0.575927,0.294212,0.0,0.319841394803763,0.374961,0.203260228622999,0.94,0.656320999999999,0.245001,0.126884729,0.113999999999999,0.282753999999999,0.057502,0.59,0.0,0.0929769999999999,1.0,0.113999999999999,0.209918,0.94,0.0939999999999999,0.0,1
0.0,0.000354999999999994,0.027379,0.0,0.9992744,0.929999999999999,0.00014499999999995,1.0,0.000199999999999977,0.0,0.383814,0.383814,0,0.182821,0.196282036108,0.73,0.0,0.00117599999999995,0.65,0.997526,0.28168,0.166989,0.233716,0.0621806037918537,0.0,0.341051505,0.0,0,0.00467577610799996,0.033181,0.0673,0.00011899999999998,0.51,0.0,0.05,0.376,0.747662,0,0.000530999999999948,0.048474,0.222222221999999,0.168946012408381,0.0141599999999999,0.203258285143,0.75,0.00516499999999997,0.182821,0.152885972999999,0.0,0.233716,0.747662,1.0,0.0,0.00253800000000004,0.0,0.008,0.28168,0.75,0.034,0.0,1
1.0,0.131845,0.100940999999999,0.180988,0.6222274,0.62,0.84546,1.0,0.0205999999999999,0.131845,1.0,0.9973,1,0.508779,0.238465689775,0.25,0.837311,0.999995,0.78,0.999881,0.325914999999999,0.212009,0.431543,0.47960386515465,0.482,0.59657768,0.12,1,0.165473643987,0.427122,0.339999999999999,0.180988,0.81,0.84546,0.91,0.596,1.0,1,0.837311,0.999204,0.0,0.251040968134916,0.371098,0.203250625674999,0.63,0.469354,0.508779,0.742217362,0.528,0.431543,0.999825,0.98,1.0,0.999813,1.0,0.528,0.325914999999999,0.63,0.482,0.100940999999999,1
0.0,0.0129399999999999,0.126816999999999,0.0,0.00800537400000001,0.865,0.00612500000000004,0.111464,0.0,0.0,0.0,0.031598,0,0.226968999999999,0.03603332636,0.73,0.0,0.845349,0.87,0.111464,0.306779,0.170169,0.200405,0.00504132231404952,0.101999999999999,0.0863122379999999,0.02,1,0.003054809983,0.0723359999999999,0.107299999999999,0.00340700000000004,0.88,0.0,0.04,0.211999999999999,0.0,0,0.012405,0.014471,0.0,0.00166666666666703,0.0248319999999999,0.203273528499,0.92,0.191913,0.226968999999999,0.363269866,0.0,0.200405,0.026159,1.0,0.586954,0.586954,0.845349,0.0839999999999999,0.306779,0.92,0.101999999999999,0.126816999999999,1
1.0,0.53053,0.0218829999999999,0.0,0.02530396,0.895,0.999868,1.0,0.00839999999999996,0.53053,1.0,1.0,0,0.172062999999999,0.091957078213,0.16,1.0,1.0,0.99,1.0,0.968518,0.251976,0.816098,0.0269574899787201,0.146,0.293194984,0.0,1,0.988185989544,0.257951999999999,0.2845,0.01236,0.99,1.0,0.02,0.252,1.0,0,0.999886,1.0,0.0,0.0132362637362639,0.209327,0.203266783209,0.95,0.100881,0.172062999999999,0.32137686,0.0,0.816098,1.0,1.0,1.0,0.999952,1.0,0.0819999999999999,1.0,0.95,0.146,0.0,1
0.0,0.241901,0.235600999999999,0.261847,0.4589837,0.895,0.0256399999999999,0.0,0.002,0.241901,0.0,0.00119299999999999,0,0.250028999999999,0.0695487950219999,0.55,0.0,0.049651,0.8,0.0143069999999999,0.198343,0.259515,0.170482,0.0169889326961967,0.0,0.170505212,0.03,0,0.000451433017000013,0.0237359999999999,0.0664,0.261847,0.84,0.0,0.02,0.223999999999999,0.0,0,0.033815,0.000738000000000016,0.0,0.023141025641026,0.0226049999999999,0.203260647808,0.89,0.022078,0.250028999999999,0.158241421,0.0,0.170482,0.00129699999999999,1.0,0.0,0.033563,0.0,0.028,0.198343,0.89,0.016,0.235600999999999,1
0.0,0.0387809999999999,0.234715,0.0,1.22040000000156e-05,0.925,0.05237,0.198157999999999,9.99999999999889e-05,0.0,0.0,0.01761,0,0.187601,0.041382594396,0.219999999999999,0.3065,0.252943999999999,0.929999999999999,0.198157999999999,0.229657,0.209472,0.229182,0.0162755380291144,0.0,0.314669341,0.01,0,0.0342325942769999,0.348840999999999,0.1329,0.0101369999999999,0.97,0.0,0.05,0.268,0.0,0,0.3065,0.0222369999999999,0.0,0.178602605814975,0.277796999999999,0.203258056498999,0.94,0.078724,0.187601,0.239266545,0.105999999999999,0.229182,0.093654,1.0,0.213342999999999,0.213342999999999,0.252943999999999,0.105999999999999,0.229657,0.94,0.0939999999999999,0.234715,1
0.688452,0.08021,0.027579,0.897213,0.0,0.53,0.9992,1.0,0.3819,0.0,1.0,1.0,1,0.477301,0.454030614989999,0.02,1.0,0.999957,0.449999999999999,0.999534,0.897909,0.213914999999999,0.195444999999999,0.32176139468111,0.335999999999999,0.479310384,0.55,1,0.0,0.252936,0.2728,0.897213,0.37,1.0,0.43,0.708,1.0,1,0.999725,0.688452,1.0,0.452372646260712,0.114649,0.203251845077999,0.42,0.06664,0.477301,0.384109408,0.354,0.195444999999999,1.0,0.03,1.0,0.998664,1.0,0.354,0.897909,0.42,0.335999999999999,0.0,1
0.0,0.141762,0.101168,0.0,0.000842686000000036,0.74,0.031514,0.0,0.014,0.141762,0.137731999999999,0.137731999999999,1,0.145644,0.132016169182999,0.329999999999999,0.122045999999999,0.0329629999999999,0.52,0.05766,0.223558,0.215006999999999,0.20674,0.547458559128118,0.244,0.523116745,0.01,1,0.062387826649,0.079273,0.3156,0.083628,0.56,0.0,0.88,0.652,0.0,1,0.122045999999999,0.057413,0.222222221999999,0.152874583836952,0.02531,0.203250244612,0.61,0.0264229999999999,0.145644,0.67602545,0.122,0.20674,0.064844,0.95,0.0,0.0301299999999999,0.0,0.122,0.223558,0.61,0.244,0.101168,1
1.0,0.0518359999999999,0.00807899999999994,0.0,0.000116749999999998,0.669999999999999,0.999998,1.0,0.5942,0.0,1.0,0.999645,1,0.454497,0.521843051855,0.83,1.0,0.999999,0.78,0.999998,0.315117,0.86055,0.576973,0.166192228721425,0.294,0.369328434,0.69,1,0.00661643215999996,0.777065,0.1417,0.012553,0.74,1.0,0.8,0.584,1.0,1,0.999995,0.999982,0.777777778,0.324258135683832,0.746844,0.203255884390999,0.65,0.513589,0.454497,0.729412317,0.434,0.576973,0.999901,1.0,1.0,0.999849,1.0,0.434,0.315117,0.65,0.294,0.0,1
0.616441999999999,0.040467,0.00621199999999999,0.0,0.0,0.534999999999999,0.240574999999999,1.0,0.4405,0.0,0.732836,0.732836,1,0.326785,0.694134177382,0.18,0.204411,0.9999,0.85,0.994742,0.389395,0.216993,0.276563,0.180226266130265,0.209999999999999,0.290187153,0.84,0,0.0539201165889999,0.126454999999999,0.1739,0.03456,0.83,0.240574999999999,0.57,0.612,0.891247,1,0.204411,0.616441999999999,0.777777778,0.469741067313343,0.166270999999999,0.203285457014,0.69,0.062679,0.326785,0.000652701000000033,0.203999999999999,0.276563,0.891247,0.9,1.0,0.989557,1.0,0.203999999999999,0.389395,0.69,0.209999999999999,0.0,1
0.104754,0.113052,0.26169,0.0,0.00056792800000005,0.92,0.0504329999999999,0.742847,0.0323999999999999,0.113052,0.0,0.014714,0,0.406950999999999,0.119104786682999,0.61,0.0,0.0137249999999999,0.929999999999999,0.742847,0.251119,0.201072999999999,0.223419999999999,0.0241373948748103,0.0,0.249688267,0.0,1,0.00182813339200005,0.020695,0.0925,0.036451,0.96,0.0,0.02,0.207999999999999,0.0,0,0.0732199999999999,0.104754,0.0,0.120816371737423,0.054432,0.203267469162999,0.95,0.0544959999999999,0.406950999999999,0.108669549,0.166,0.223419999999999,0.0832699999999999,1.0,0.0,0.0141649999999999,0.0,0.166,0.251119,0.95,0.058,0.26169,1
1.0,0.036049,0.027513,1.0,7.00259999999453e-05,0.69,0.999993,1.0,0.0108,0.0,1.0,0.999965,1,0.258588999999999,0.182674614125999,0.57,1.0,1.0,0.83,1.0,0.388225999999999,0.254596999999999,0.433702,0.170536521908145,0.187999999999999,0.656929893,0.31,1,0.0,0.04952,0.161599999999999,0.997584,0.669999999999999,1.0,0.659999999999999,0.671999999999999,1.0,1,0.999993,0.999591,0.333333333,0.303682054144422,0.021792,0.203260647808,0.669999999999999,0.0261959999999999,0.258588999999999,1.56759999999644e-05,0.17,0.433702,1.0,1.0,1.0,0.999951,1.0,0.17,0.388225999999999,0.669999999999999,0.187999999999999,0.0,1
0.361411,0.316689,0.113871,0.567512999999999,0.0,0.345,0.986685,1.0,0.643699999999999,0.316689,0.711479,0.711479,1,0.60209,0.69463424993,0.6,1.0,0.99899,0.42,0.982521,0.258302999999999,0.249291,0.230740999999999,0.61552987928359,0.424,0.765144199999999,0.92,1,0.0,0.298203,0.354199999999999,0.567512999999999,0.36,1.0,0.94,0.683999999999999,0.693516,1,0.995,0.361411,1.0,0.324258135683832,0.384587,0.203263201032,0.37,0.367811,0.60209,0.000329852000000019,0.496,0.230740999999999,0.693516,0.0,1.0,0.982059,1.0,0.496,0.258302999999999,0.37,0.424,0.113871,1
1.0,0.29811,0.113871,0.291668999999999,0.9736262,0.444999999999999,0.622009,1.0,0.5784,0.29811,1.0,0.99998,1,0.648548,0.50532729426,0.6,0.633777,0.999998,0.59,1.0,0.434206,0.248549,0.50824,0.498158304949832,0.408,0.183983917,0.83,1,0.0840472225759999,0.366154,0.3245,0.291668999999999,0.659999999999999,0.622009,0.36,0.679999999999999,1.0,1,0.633777,0.999969,1.0,0.452372646260712,0.151842999999999,0.203272461435999,0.48,0.189830999999999,0.648548,0.0183939929999999,0.516,0.50824,0.999997,0.0899999999999999,1.0,0.999952,1.0,0.516,0.434206,0.48,0.408,0.113871,1
0.22843,0.00462899999999999,0.00621199999999999,0.0,4.30000000051222e-08,0.685,0.178898,0.669688,0.0497999999999999,0.0,0.116523,0.116523,1,0.347126,0.225421553100999,0.03,0.288311,0.650296,0.9,0.669688,0.239253,0.171297,0.188467999999999,0.166500461635042,0.205999999999999,0.392761759999999,0.05,1,0.000379177692000021,0.0303799999999999,0.2233,0.00394000000000005,0.679999999999999,0.178898,0.88,0.4,0.383529,1,0.288311,0.22843,0.0,0.347040246634193,0.00973199999999996,0.203287400687,0.78,0.00987000000000004,0.347126,2.28880000000542e-05,0.164,0.188467999999999,0.383529,0.81,0.309803,0.309803,0.650296,0.164,0.239253,0.78,0.205999999999999,0.0,1
1.0,0.058165,0.102036,0.335925999999999,0.280769799999999,0.685,0.967527,1.0,0.0711,0.0,1.0,0.999487,0,0.387555,0.108283885401999,0.0999999999999999,1.0,0.999997,0.96,1.0,0.397262,0.433091,0.644139999999999,0.0338209383494504,0.126,0.428231333,0.0999999999999999,0,0.0207303592199999,0.65738,0.2104,0.335925999999999,0.97,1.0,0.05,0.331999999999999,1.0,0,0.981087,0.999999,0.0,0.110726598280946,0.418591,0.203259771332,0.95,0.462427,0.387555,0.214151530999999,0.166,0.644139999999999,1.0,1.0,1.0,0.999832,1.0,0.166,0.397262,0.95,0.126,0.102036,1
1.0,0.107914999999999,0.127091999999999,0.0,0.0,0.865,0.984178,1.0,0.0131,0.107914999999999,1.0,1.0,1,0.342157999999999,0.200620141353,0.109999999999999,1.0,1.0,0.58,1.0,0.764382,0.223442999999999,0.915938,0.362195961379015,0.288,0.401683484999999,0.06,1,0.070210348939,0.0970609999999999,0.2437,0.025023,0.54,1.0,0.0699999999999999,0.576,1.0,1,0.999078,1.0,0.222222221999999,0.403627827035377,0.02202,0.203257180032,0.51,0.022217,0.342157999999999,0.00590237999999998,0.457999999999999,1.0,1.0,0.0999999999999999,1.0,0.999951,1.0,0.457999999999999,0.764382,0.51,0.288,0.127091999999999,1
1.0,0.6936,0.141928,0.701406,0.4817785,0.735,0.961322,1.0,0.109299999999999,0.6936,1.0,0.961196,0,0.315589,0.148758782988,0.39,0.486326999999999,0.930515,0.91,0.999742,0.274800999999999,0.807686,0.41313,0.0214656367081389,0.146,0.341084166,0.459999999999999,1,0.00525616091199998,0.182871,0.1217,0.701406,0.72,1.0,0.02,0.319999999999999,1.0,0,0.486326999999999,0.990214,0.333333333,0.232416426710543,0.665341,0.203270822740999,0.95,0.555484,0.315589,0.00249165299999998,0.272,0.41313,0.934181,1.0,0.129924999999999,0.129924999999999,1.0,0.272,0.274800999999999,0.95,0.146,0.141928,1
0.434573,0.118117,0.0355499999999999,0.0,0.4470655,0.669999999999999,0.470468,1.0,0.00739999999999996,0.118117,0.349982,0.349982,1,0.321986,0.055044028955,0.0899999999999999,0.836599,0.582478,0.64,0.910612,0.275939,0.268364999999999,0.299133,0.23365294651894,0.225999999999999,0.646382866,0.109999999999999,1,0.232960351072999,0.179656,0.1592,0.031475,0.4,0.470468,0.229999999999999,0.4,0.426605,0,0.836599,0.434573,0.222222221999999,0.124261516261516,0.827171,0.203258285143,0.58,0.431081999999999,0.321986,0.613243699,0.244,0.299133,0.426605,0.96,0.377986999999999,0.377986999999999,0.582478,0.244,0.275939,0.58,0.225999999999999,0.0,1
0.6342,0.016248,0.027513,0.0,0.5717608,0.8,0.00989099999999998,0.0,0.1744,0.0,0.57706,0.57706,0,0.10426,0.155616870021999,0.15,0.0,0.00167499999999998,0.88,0.0138629999999999,0.223993,0.223589,0.255441,0.0947740044265919,0.0,0.261119273,0.31,0,0.07175493549,0.108441,0.0704,0.0212139999999999,0.84,0.0,0.03,0.4,0.0,1,0.00375700000000001,0.6342,0.333333333,0.443709508715995,0.07455,0.203258628108,0.87,0.088284,0.10426,0.525260568,0.0,0.255441,0.0434949999999999,1.0,0.0,0.00247799999999998,0.0,0.0,0.223993,0.87,0.034,0.0,1
1.0,0.174019999999999,0.159076,0.0,0.0,0.58,0.999993,1.0,0.3891,0.174019999999999,1.0,1.0,0,0.443768,0.415464707716999,0.15,1.0,1.0,0.81,1.0,0.844044999999999,0.359793,0.990616,0.122888465252949,0.339999999999999,0.347645059,0.669999999999999,0,0.098383883165,0.266537,0.290699999999999,0.0391359999999999,0.6,1.0,0.55,0.564,1.0,1,0.999994,1.0,0.333333333,0.324258135683832,0.118211999999999,0.203528408108,0.679999999999999,0.080169,0.443768,0.0,0.516,1.0,1.0,0.459999999999999,1.0,0.999951,1.0,0.516,0.844044999999999,0.679999999999999,0.339999999999999,0.159076,1
1.0,0.082964,0.035464,0.0,1.10000000219656e-08,0.6,0.998017,1.0,0.3931,0.0,1.0,1.0,1,0.366708999999999,0.485409431859,0.0899999999999999,1.0,1.0,0.51,1.0,0.872853,0.347704,0.956081,0.370331318630942,0.404,0.456134065,0.679999999999999,1,0.883727089863,0.635296,0.3679,0.0572909999999999,0.56,1.0,0.58,0.659999999999999,1.0,1,0.99967,1.0,1.0,0.324258135683832,0.185512,0.2032693746,0.439999999999999,0.146789999999999,0.366708999999999,1.63900000005323e-06,0.28,1.0,1.0,0.03,1.0,0.999951,1.0,0.28,0.872853,0.439999999999999,0.404,0.0,1
1.0,0.0848189999999999,0.056988,0.0,0.0,0.73,0.999993,1.0,0.00329999999999996,0.0,1.0,1.0,1,0.307945,0.200620141353,0.84,1.0,1.0,0.929999999999999,1.0,0.953607,0.239541,0.959522,0.0438608673663236,0.215999999999999,0.634338765999999,0.02,1,0.0,0.0527189999999999,0.187999999999999,0.048678,0.679999999999999,1.0,0.449999999999999,0.4,1.0,1,0.999995,1.0,0.0,0.253540968134916,0.230928,0.203285647569,0.91,0.135379,0.307945,0.140107392999999,0.128,1.0,1.0,1.0,1.0,0.999951,1.0,0.128,1.0,0.91,0.215999999999999,0.0,1
1.0,0.064759,0.202768999999999,0.706565,1.93999999953398e-07,0.655,0.997119,1.0,0.2359,0.0,1.0,0.999999,0,0.364286,0.224504898563,0.339999999999999,1.0,0.999932,0.929999999999999,1.0,0.472476,0.223113,0.729192,0.0303302882758257,0.199999999999999,0.508955014,0.319999999999999,1,0.0,0.146887,0.1579,0.706565,0.71,1.0,0.28,0.331999999999999,1.0,0,0.99849,1.0,0.333333333,0.188153005207353,0.0524559999999999,0.20326975569,0.92,0.0166969999999999,0.364286,0.00477501700000004,0.313999999999999,0.729192,1.0,1.0,1.0,0.995955,1.0,0.313999999999999,0.472476,0.92,0.199999999999999,0.202768999999999,1
1.0,0.18859,0.374213,1.0,7.01619999999847e-05,0.825,0.999998,1.0,0.0879999999999999,0.18859,1.0,1.0,0,0.393410999999999,0.161063094871,0.18,1.0,1.0,0.97,1.0,0.725279999999999,0.251787,0.939173,0.0373010035784798,0.178,0.47645579,0.04,0,0.057508659472,0.348731,0.1793,0.999993,0.72,1.0,0.04,0.215999999999999,1.0,0,0.999999,1.0,0.0,0.066414909969258,0.400169,0.203267469162999,0.95,0.321196999999999,0.393410999999999,0.010621198,0.244,1.0,1.0,1.0,1.0,0.999951,1.0,0.244,0.725279999999999,0.95,0.178,0.374213,1
1.0,0.0275239999999999,0.0642439999999999,0.0,2.09999999611909e-08,0.795,0.157808999999999,1.0,0.0533,0.0,1.0,0.999768,1,0.1964,0.148758782988,0.02,0.299087,0.989503,0.96,0.999993,0.469263,0.244819,0.394493,0.0207608321467616,0.148,0.555682916999999,0.29,0,0.00652555620299999,0.163888,0.1589,0.00690800000000002,0.71,0.157808999999999,0.199999999999999,0.288,1.0,0,0.299087,0.990944,0.333333333,0.209180782985131,0.411078,0.203297119257,0.929999999999999,0.262718,0.1964,0.00597298099999998,0.156,0.394493,0.999126,1.0,0.8484,0.8484,1.0,0.156,0.469263,0.929999999999999,0.148,0.0,0
0.0,0.020877,0.019321,0.0,0.02226386,0.95,0.0153609999999999,0.295906,0.00119999999999997,0.0,1.0,0.999187,0,0.139858999999999,0.042978472261,0.6,0.0,0.00472899999999998,0.99,0.295906,0.435791999999999,0.252304,0.213997,0.00730538922155687,0.0,0.28340372,0.0,0,0.000184233998000049,0.023104,0.0956,0.0130439999999999,0.99,0.0,0.02,0.176,0.0,0,0.005583,0.0111909999999999,0.0,0.00642156862745102,0.149997999999999,0.203287743689,0.98,0.321644999999999,0.139858999999999,0.129329680999999,0.0,0.213997,0.0191289999999999,1.0,0.0,0.0120249999999999,0.0,0.04,0.435791999999999,0.98,0.048,0.0,0
1.0,0.0827179999999999,0.0564609999999999,0.0,0.1704761,0.875,0.926287,1.0,0.000700000000000033,0.0,1.0,1.0,0,0.258529,0.152190036584999,0.74,1.0,0.999931,0.929999999999999,1.0,0.639529,0.244137999999999,0.615279,0.0235809272506714,0.124,0.358043519999999,0.01,1,2.44310400000502e-05,0.0226539999999999,0.135399999999999,0.0142679999999999,0.69,1.0,0.03,0.231999999999999,1.0,0,0.992713,0.999998,0.0,0.159874583836952,0.0190369999999999,0.203260381054,0.95,0.0114109999999999,0.258529,0.435839355,0.0,0.615279,1.0,1.0,1.0,0.993471,1.0,0.0739999999999999,0.639529,0.95,0.124,0.0,0
0.415614999999999,0.0272679999999999,0.0642439999999999,0.0,0.738298799999999,0.835,0.00678100000000003,0.822085,0.0,0.0,0.346167,0.346167,0,0.0,0.0478304252779999,0.59,0.0,0.367876,0.929999999999999,0.822085,0.267669999999999,0.251735999999999,0.260549999999999,0.0194397347914203,0.0,0.319840197999999,0.03,0,0.019835949018,0.287706,0.0628999999999999,0.0143269999999999,0.95,0.0,0.14,0.207999999999999,0.573058,0,0.00197800000000003,0.415614999999999,0.0,0.0,0.317763,0.203259199719999,0.91,0.300836,0.079951,0.666917384,0.0,0.260549999999999,0.573058,1.0,0.0,0.0721,0.367876,0.046,0.267669999999999,0.91,0.048,0.0,0
0.271472999999999,0.0796949999999999,0.056724,0.0,0.8909122,0.84,0.138086,0.0,9.99999999999889e-05,0.0,0.329163,0.329163,0,0.352803,0.074414324532,0.6,0.0,0.153177,0.71,0.0842049999999999,0.224501999999999,0.257715,0.258067,0.107285997501649,0.109999999999999,0.162740006,0.0999999999999999,1,0.524320863207,0.235771999999999,0.0855,0.0380899999999999,0.679999999999999,0.138086,0.12,0.404,0.0,0,0.069461,0.271472999999999,0.0,0.0369754689754689,0.480118,0.203259390257,0.79,0.481801,0.352803,0.695967674,0.174,0.258067,0.065895,1.0,0.0,0.020691,0.153177,0.174,0.224501999999999,0.79,0.109999999999999,0.0,0
0.841747999999999,0.042792,0.064096,0.0,0.5071176,0.965,0.0705249999999999,1.0,0.0169,0.0,1.0,0.951508,0,0.205146999999999,0.113895857142,0.69,0.0,0.298184,0.91,0.919772,0.331731,0.243654,0.303583,0.0,0.0,0.142410538,0.329999999999999,0,0.0252070711849999,0.010488,0.0677999999999999,0.028958,0.94,0.0,0.109999999999999,0.372,0.709827,0,0.049957,0.841747999999999,0.333333333,0.216210826754943,0.0710229999999999,0.203276310502,0.85,0.0332639999999999,0.205146999999999,0.525901258,0.0,0.303583,0.709827,0.99,0.0,0.04193,0.298184,0.036,0.331731,0.85,0.0879999999999999,0.0,0
0.682057,0.196026,0.056988,0.192044,0.4268868,0.83,0.423923999999999,0.254819,0.2904,0.196026,0.472998,0.472998,1,0.329064,0.381491542398999,0.319999999999999,0.138557,0.574684,0.669999999999999,0.254819,0.243372999999999,0.241763999999999,0.278729,0.0635125330472307,0.111999999999999,0.331154548,0.329999999999999,0,0.0100842164069999,0.436878,0.0721,0.192044,0.679999999999999,0.423923999999999,0.28,0.4,0.34887,1,0.138557,0.682057,0.333333333,0.511491098480397,0.536195,0.203272118452999,0.64,0.451453,0.329064,0.331431985,0.146,0.278729,0.34887,0.8,0.163977,0.163977,0.574684,0.146,0.243372999999999,0.64,0.111999999999999,0.0,0
0.0,0.185776,0.076697,0.0,0.000189254999999999,0.89,0.00771399999999999,0.0,0.0,0.185776,0.0,0.0230799999999999,0,0.191652,0.0427082923129999,0.24,0.0,0.0107129999999999,0.97,0.030753,0.206275,0.274934,0.218009,0.00619289340101514,0.0,0.279605993999999,0.0,0,0.0402849832599999,0.03117,0.0645999999999999,0.027598,0.96,0.0,0.02,0.244,0.0,0,0.00300100000000003,0.014004,0.0,0.01932729468599,0.0493529999999999,0.203260876452999,0.96,0.0307159999999999,0.191652,0.077949405,0.0,0.218009,0.010359,1.0,0.0,0.00280999999999997,0.0,0.036,0.206275,0.96,0.056,0.0,0
0.879799,0.027706,0.064096,0.0,0.8913457,0.905,0.0134069999999999,1.0,0.00780000000000002,0.0,0.677192999999999,0.677192999999999,1,0.299621,0.177267519703,0.339999999999999,0.101584,0.054006,0.75,0.991729,0.297562,0.214347999999999,0.328817,0.0634713683939718,0.115999999999999,0.45390034,0.06,1,0.0172420583919999,0.049849,0.0755,0.00502199999999997,0.55,0.0,0.0799999999999999,0.335999999999999,1.0,0,0.101584,0.879799,0.555555556,0.276841547354832,0.0220799999999999,0.203254550649,0.85,0.00552799999999997,0.299621,0.69733578,0.0,0.328817,0.94612,1.0,0.0,0.0281,0.0,0.048,0.297562,0.85,0.115999999999999,0.0,0
0.345786999999999,0.122225999999999,0.035386,1.0,0.00107336999999996,0.935,0.826664,1.0,0.00180000000000002,0.122225999999999,0.302594,0.302594,0,0.257878,0.0511573244509999,0.42,0.8862,0.887506,0.96,0.997897,0.275505,0.671197,0.32638,0.0168320056532534,0.136,0.343917853999999,0.0799999999999999,1,0.0117022441799999,0.329968999999999,0.144,0.985548,0.91,0.826664,0.18,0.152,0.768994,0,0.8862,0.345786999999999,0.0,0.00225490196078403,0.546333,0.203266706992,0.94,0.597957,0.257878,0.123909414,0.164,0.32638,0.768994,1.0,0.758309,0.758309,0.887506,0.164,0.275505,0.94,0.136,0.0,0
1.0,0.109766,0.013104,0.0,0.00556282200000002,0.72,0.986102,1.0,0.0306999999999999,0.109766,1.0,1.0,0,0.279591999999999,0.148758782988,0.339999999999999,1.0,0.999996,0.79,1.0,0.831758,0.244674999999999,0.689197,0.0720529755384127,0.199999999999999,0.251893857,0.55,0,0.564385348738,0.110631,0.1873,0.0339399999999999,0.88,1.0,0.05,0.42,1.0,0,0.990751,1.0,0.555555556,0.317948643286238,0.0508079999999999,0.203269527035,0.84,0.025312,0.279591999999999,0.00142672700000001,0.15,0.689197,1.0,1.0,1.0,0.999429,1.0,0.15,0.831758,0.84,0.199999999999999,0.0,0
0.587565,0.0765289999999999,0.198134,1.0,0.00585040999999997,0.9,0.864412,1.0,0.0110999999999999,0.0,0.0,0.0113029999999999,0,0.336693,0.091957078213,0.6,1.0,0.997,0.97,0.998669,0.276742999999999,0.187297999999999,0.345974,0.0182854772382944,0.152,0.465213681,0.02,1,1.16463020000123e-05,0.252878999999999,0.164599999999999,0.996066,0.98,0.864412,0.219999999999999,0.207999999999999,0.410991,0,0.94375,0.587565,0.0,0.00166666666666703,0.231238999999999,0.203269679471,0.95,0.0386809999999999,0.336693,0.526073575,0.158,0.345974,0.410991,1.0,1.0,0.964078,1.0,0.158,0.276742999999999,0.95,0.152,0.198134,0
0.86393,0.080535,0.033281,0.0,0.9989436,0.69,0.024355,1.0,0.3455,0.0,0.576918,0.576918,1,0.144312,0.348149216188999,0.75,0.0,0.0373289999999999,0.71,0.97646,0.263696999999999,0.233892,0.315276,0.0924656546890705,0.156,0.323146136,0.63,0,0.00971406972900001,0.278456999999999,0.118099999999999,0.020082,0.71,0.0,0.6,0.4,1.0,1,0.00330299999999994,0.86393,0.777777778,0.205342547691013,0.0589769999999999,0.203259085397999,0.73,0.137043,0.144312,0.704708397,0.113999999999999,0.315276,0.928557,1.0,0.0,0.00695199999999995,0.0,0.113999999999999,0.263696999999999,0.73,0.156,0.0,0
0.0,0.007637,0.063949,0.0,0.2166504,0.92,0.346878,0.33243,0.0,0.0,0.0,0.028757,0,0.196609999999999,0.0511573244509999,0.41,0.142726,0.846322999999999,0.92,0.33243,0.225277999999999,0.249198,0.183344999999999,0.0210939591719188,0.0,0.488425847,0.0699999999999999,0,0.00687802336999998,0.0142179999999999,0.0812,0.0190669999999999,0.69,0.346878,0.02,0.268,0.0,0,0.142726,0.00285699999999999,0.0,0.034475468975469,0.0114659999999999,0.203260647808,0.94,0.00667200000000001,0.196609999999999,0.606046259,0.0,0.183344999999999,0.00360000000000004,1.0,0.504585,0.504585,0.846322999999999,0.0879999999999999,0.225277999999999,0.94,0.0859999999999999,0.0,0
0.0,0.107882,0.142804,0.0,0.3554926,0.74,0.269294999999999,0.0,0.3988,0.107882,0.0,0.0443839999999999,0,0.387136,0.334271044080999,0.0899999999999999,0.0,0.314555999999999,0.88,0.0181219999999999,0.213369,0.342993,0.230967,0.0480240255333999,0.156,0.159651355,0.55,0,0.0,0.0602089999999999,0.1068,0.036169,0.9,0.269294999999999,0.14,0.376,0.0,0,0.05617,0.0195049999999999,0.333333333,0.494122677427766,0.0473869999999999,0.203260038085,0.82,0.0515879999999999,0.387136,0.355213165,0.337999999999999,0.230967,0.00664699999999995,1.0,0.0,0.0207709999999999,0.314555999999999,0.337999999999999,0.213369,0.82,0.156,0.142804,0
0.0,0.101828999999999,0.0723439999999999,0.109786999999999,8.18780000000352e-05,0.945,0.096388,0.575577999999999,0.000900000000000011,0.101828999999999,0.0,0.016483,0,0.196458,0.091279631231,0.27,0.158302999999999,0.0469399999999999,0.96,0.575577999999999,0.222711,0.266173,0.224904,0.023806402226645,0.0,0.304612495,0.01,1,0.00346906292899995,0.0767339999999999,0.0685,0.109786999999999,0.98,0.0,0.01,0.124,0.0,0,0.158302999999999,0.035667,0.0,0.145462995425364,0.0335659999999999,0.203257637319,0.95,0.00831999999999999,0.196458,0.0158716439999999,0.0,0.224904,0.0895249999999999,1.0,0.0,0.0476839999999999,0.0,0.038,0.222711,0.95,0.024,0.0,0
1.0,0.00300999999999995,0.0453989999999999,0.754205999999999,0.00327319999999997,0.885,0.887863,1.0,0.0121,0.0,0.805341,0.805341,0,0.289714999999999,0.104706638948,0.39,1.0,0.960983,0.92,1.0,0.359178,0.166667,0.445411,0.0443071204019971,0.113999999999999,0.250348064999999,0.0,1,0.000674432118999979,0.298548999999999,0.192799999999999,0.754205999999999,0.72,0.887863,0.03,0.199999999999999,1.0,0,0.950503,0.988236,0.222222221999999,0.000588235294118,0.300031999999999,0.203263848868999,0.94,0.307527,0.289714999999999,0.090294093,0.187999999999999,0.445411,0.999984,1.0,0.791269,0.791269,1.0,0.187999999999999,0.359178,0.94,0.113999999999999,0.0,0
0.0,0.122878999999999,0.13439,0.0,0.9992322,0.895,0.038104,0.0,0.000199999999999977,0.122878999999999,0.0,0.0601939999999999,1,0.0,0.108227523813,0.63,0.0,0.016672,0.65,0.016418,0.225639999999999,0.245365999999999,0.208512,0.191655824192311,0.136,0.195783857999999,0.109999999999999,0,0.0395491031069999,0.0617889999999999,0.1005,0.0659039999999999,0.77,0.0,0.03,0.4,0.0,1,0.00677700000000003,0.07521,0.222222221999999,0.228754814717182,0.250119,0.203259580794999,0.75,0.500000999999999,0.091225,0.700660288,0.0,0.208512,0.034374,0.99,0.0,0.00992599999999999,0.0,0.0879999999999999,0.225639999999999,0.75,0.136,0.13439,0
0.0,0.016096,0.00852299999999994,0.0,0.7387157,0.88,0.012614,0.0,0.0222999999999999,0.0,0.0,0.012548,0,0.130333999999999,0.0432139829469999,0.74,0.0,0.00741599999999997,0.929999999999999,0.00677000000000005,0.215760999999999,0.248017999999999,0.20537,0.0377742633278863,0.0,0.228730964,0.339999999999999,0,0.00866119565900003,0.064359,0.0523,0.00804899999999997,0.96,0.0,0.01,0.231999999999999,0.0,0,0.000620999999999982,0.006301,0.555555556,0.153540164084281,0.012502,0.203259504579999,0.94,0.0152889999999999,0.130333999999999,0.689760208,0.0,0.20537,0.00309700000000001,1.0,0.0,0.001865,0.0,0.0779999999999999,0.215760999999999,0.94,0.046,0.0,0
0.767133,0.046312,0.000175000000000036,0.0,0.208909699999999,0.82,0.0811279999999999,0.151853,0.208999999999999,0.0,0.533991,0.533991,1,0.31366,0.218782828071,0.679999999999999,0.0,0.104392,0.88,0.151853,0.262870999999999,0.2701,0.193358,0.10052322266506,0.118,0.0,0.51,1,0.00224166400100001,0.42498,0.1088,0.0245109999999999,0.87,0.0,0.27,0.4,0.578788,1,0.028298,0.767133,0.777777778,0.160581678125796,0.550303,0.203272651983,0.76,0.943756,0.31366,0.572440624,0.209999999999999,0.193358,0.578788,1.0,0.102751,0.102751,0.104392,0.209999999999999,0.262870999999999,0.76,0.118,0.0,0
0.0,0.052281,0.063949,0.0,0.1125595,0.985,0.00214599999999998,0.115887999999999,0.0,0.0,0.100628,0.100628,0,0.194142999999999,0.058615277804,0.72,0.0,0.010417,0.98,0.115887999999999,0.250472999999999,0.261582,0.220312999999999,0.010082644628099,0.0,0.264491107,0.0999999999999999,0,0.000587316229999967,0.00601099999999998,0.0687999999999999,0.01385,0.98,0.0,0.04,0.16,0.0,0,0.00162399999999995,0.00992599999999999,0.0,0.067003145263376,0.0408739999999999,0.203285685681,0.98,0.138325,0.194142999999999,0.40631932,0.0,0.220312999999999,0.0534649999999999,1.0,0.0,0.021638,0.0,0.032,0.250472999999999,0.98,0.052,0.0,0
1.0,0.0377459999999999,0.064096,0.0,0.2015477,0.945,0.999994,1.0,0.0123999999999999,0.0,1.0,1.0,0,0.237485999999999,0.176796798427,0.74,1.0,1.0,0.98,1.0,0.972918,0.202879,0.975428,0.0,0.12,0.257550206,0.04,0,0.848522238934,0.025495,0.1497,0.00650399999999995,0.99,1.0,0.02,0.231999999999999,1.0,0,0.999996,1.0,0.0,0.277492722520881,0.0766679999999999,0.203261791039999,0.98,0.0551199999999999,0.237485999999999,0.585402012,0.0,1.0,1.0,1.0,1.0,0.999951,1.0,0.0839999999999999,1.0,0.98,0.12,0.0,0
1.0,0.166599999999999,0.027513,0.262386,0.550214299999999,0.615,0.999962,1.0,0.4482,0.166599999999999,1.0,0.945669,1,0.499051,0.50532729426,0.61,1.0,0.999962,0.47,0.999424,0.290706,0.233199999999999,0.358338999999999,0.286287328811855,0.304,0.01015767,0.82,1,0.512396093285,0.388237,0.241399999999999,0.262386,0.52,1.0,0.27,0.624,1.0,1,0.999998,0.970151,1.0,0.469741067313343,0.142236999999999,0.203255046038,0.449999999999999,0.167991,0.499051,0.710616827,0.434,0.358338999999999,0.991437,0.06,1.0,0.999113,1.0,0.434,0.290706,0.449999999999999,0.304,0.0,0
1.0,0.0207289999999999,0.033201,0.0,0.9996604,0.92,0.056772,1.0,0.00119999999999997,0.0,0.781899,0.781899,1,0.202783,0.174546892104999,0.59,0.0,0.109493999999999,0.82,0.994604,0.267273,0.238330999999999,0.291536,0.0963488702183171,0.0,0.086088605,0.0,1,0.0,0.0964019999999999,0.0786,0.016162,0.659999999999999,0.0,0.4,0.568,1.0,1,0.015395,0.943863,0.0,0.168946012408381,0.21786,0.203262743737,0.82,0.0690619999999999,0.202783,0.008728921,0.0,0.291536,0.978134,1.0,0.0,0.00950399999999995,0.109493999999999,0.044,0.267273,0.82,0.056,0.0,0
1.0,0.170842999999999,0.0642439999999999,0.0,0.0,0.85,0.036602,1.0,9.99999999999889e-05,0.170842999999999,1.0,1.0,0,0.164247,0.054831395396,0.209999999999999,0.130542,1.0,0.89,1.0,0.6258,0.260016,0.867909,0.0,0.0,0.363900031,0.0,1,0.406077952147,0.0789069999999999,0.0708999999999999,0.0655259999999999,0.929999999999999,0.0,0.01,0.315999999999999,1.0,0,0.130542,1.0,0.0,0.0452326452320059,0.272954999999999,0.20326487779,0.9,0.240867999999999,0.164247,0.00476846099999994,0.0,0.867909,1.0,1.0,1.0,0.999951,1.0,0.048,0.6258,0.9,0.0679999999999999,0.0,0
1.0,0.00238599999999999,0.0427309999999999,0.0,0.8958419,0.81,0.322266,1.0,0.00209999999999999,0.0,1.0,1.0,0,0.0,0.0481230924379999,0.449999999999999,0.635803,0.998238,0.8,1.0,0.638936,0.220211999999999,0.550734,0.013498282622572,0.124,0.386158077,0.0,0,0.263610463398999,0.007054,0.154599999999999,0.000426999999999955,0.82,0.322266,0.05,0.231999999999999,1.0,0,0.635803,0.999999,0.0,0.022879120879121,9.00000000003675e-06,0.203261181315,0.85,9.00000000003675e-06,0.0981419999999999,0.008382887,0.0,0.550734,1.0,1.0,1.0,0.921865,1.0,0.03,0.638936,0.85,0.124,0.0,0
0.0,0.0290589999999999,0.526639,1.0,0.5588276,0.925,0.999192,1.0,0.0141999999999999,0.0,0.0,0.0485539999999999,0,0.37546,0.0700774002699999,0.329999999999999,1.0,0.999973,0.95,0.999994,0.297766,0.167636,0.324094,0.0334094441804433,0.148,0.355112661,0.01,0,0.000232835659000008,0.0257629999999999,0.205899999999999,0.999143,0.98,1.0,0.319999999999999,0.172,0.281466,0,0.999839,0.0136279999999999,0.0,0.0,0.023174,0.203271737361,0.929999999999999,0.143079999999999,0.37546,0.440945417,0.189999999999999,0.324094,0.281466,1.0,1.0,0.999229,1.0,0.189999999999999,0.297766,0.929999999999999,0.148,0.526639,0
0.0,0.219860999999999,0.056724,0.200245,0.918428,0.985,0.055254,0.0,0.00129999999999996,0.219860999999999,0.0,0.025722,0,0.14227,0.10266480663,0.64,0.0,0.0665989999999999,0.83,0.019679,0.209304,0.253017,0.214157999999999,0.0188223550846552,0.0,0.195577047,0.0899999999999999,0,0.00798751313799994,0.058193,0.0191,0.200245,0.85,0.0,0.01,0.392,0.0,0,0.0830039999999999,0.0197009999999999,0.0,0.150374583836953,0.170360999999999,0.203255846283999,0.89,0.263393,0.14227,0.688064873,0.0,0.214157999999999,0.0138749999999999,1.0,0.0,0.015317,0.0,0.06,0.209304,0.89,0.042,0.0,0
0.249197,0.150177,0.00705100000000002,0.0,0.9959127,0.87,0.0210299999999999,1.0,0.1733,0.150177,0.382927,0.382927,0,0.224983,0.134133134053999,0.73,0.0,0.025571,0.97,0.99566,0.245504999999999,0.323944,0.295293999999999,0.0100826446280991,0.0,0.0309646639999999,0.28,0,0.006497241569,0.187385,0.0587999999999999,0.032912,0.97,0.0,0.109999999999999,0.284,0.858493,0,0.00781900000000002,0.249197,0.333333333,0.619778659436849,0.221275,0.203295175515999,0.96,0.357759,0.224983,0.308712542,0.109999999999999,0.295293999999999,0.858493,1.0,0.0,0.00976500000000002,0.0,0.109999999999999,0.245504999999999,0.96,0.0679999999999999,0.0,0
1.0,0.059254,0.343345,0.0,0.9950641,0.855,0.396499999999999,1.0,0.0109,0.0,1.0,1.0,0,0.360037999999999,0.104706638948,0.6,1.0,0.999999,0.87,1.0,0.583143,0.247832,0.80191,0.0258449941581784,0.197999999999999,0.446533112,0.02,0,0.091630069436,0.089264,0.200999999999999,0.03637,0.64,0.396499999999999,0.0799999999999999,0.187999999999999,1.0,0,0.917102,1.0,0.0,0.0,0.170143999999999,0.203260533483999,0.92,0.0698389999999999,0.360037999999999,0.63094914,0.113999999999999,0.80191,1.0,1.0,1.0,0.99995,1.0,0.113999999999999,0.583143,0.92,0.197999999999999,0.343345,0
0.755691,0.746358,0.116049999999999,1.0,0.01790413,0.945,0.987293,1.0,0.1015,0.746358,0.630792,0.630792,0,0.295676,0.339472867799999,0.6,1.0,0.935636,0.97,0.999998,0.307424999999999,0.25,0.461128,0.0317864463270267,0.138,0.290398497999999,0.03,1,0.00485455543699997,0.025776,0.2084,0.999732,0.98,1.0,0.38,0.144,1.0,0,0.956312,0.755691,0.0,0.176461828218793,0.230234999999999,0.203268688641999,0.929999999999999,0.270984,0.295676,0.493827343,0.254,0.461128,0.982057,1.0,0.557905,0.557905,1.0,0.254,0.307424999999999,0.929999999999999,0.138,0.116049999999999,0
0.0,0.138953,0.035386,0.0,0.06378773,0.9,0.0226079999999999,0.280587999999999,0.001,0.138953,0.0,0.00650600000000001,0,0.150510999999999,0.081495824917,0.74,0.0,0.608522,0.99,0.280587999999999,0.257026,0.182707999999999,0.202339999999999,0.0123467115356064,0.0,0.124306304999999,0.02,1,0.000865706405000055,0.00659500000000001,0.0926,0.0909919999999999,0.99,0.0,0.01,0.136,0.0,0,0.00418600000000002,0.00704400000000005,0.0,0.00166666666666703,0.013683,0.203265258872999,0.99,0.00965800000000005,0.150510999999999,0.528843224,0.0,0.202339999999999,0.015031,1.0,0.0,0.0982739999999999,0.608522,0.0839999999999999,0.257026,0.99,0.0799999999999999,0.0,0
0.106357,0.0257399999999999,0.063802,0.0,0.9978999,0.804999999999999,0.022433,0.536979,0.00209999999999999,0.0,0.127853,0.127853,0,0.273,0.118533062161999,0.42,0.0,0.0191919999999999,0.94,0.536979,0.256822,0.25285,0.249021999999999,0.0200826446280991,0.0,0.468559697,0.0,0,0.0251603423039999,0.107404,0.1054,0.022028,0.69,0.0,0.209999999999999,0.312,0.195362999999999,0,0.022236,0.106357,0.0,0.034033161283161,0.452067,0.203256684639,0.92,0.569172,0.273,0.360775470999999,0.0,0.249021999999999,0.195362999999999,1.0,0.0,0.0142349999999999,0.0,0.0659999999999999,0.256822,0.92,0.05,0.0,0
1.0,0.962909,0.483495,0.679825,0.9994345,0.865,0.495318,1.0,0.0,1.0,1.0,0.943183,0,0.162062999999999,0.054831395396,0.85,0.0,0.758229,0.97,0.999938,0.388144999999999,0.86497,0.361732,0.0173880338496559,0.107999999999999,0.446981418,0.03,0,0.00445358946499996,0.0831659999999999,0.1318,0.679825,0.72,0.495318,0.15,0.215999999999999,1.0,0,0.096519,0.970351,0.0,0.0283333333333329,0.188083,0.203263886978,0.94,0.923432,0.162062999999999,0.47649017,0.0,0.361732,0.993719,1.0,0.173987,0.173987,0.758229,0.0979999999999999,0.388144999999999,0.94,0.107999999999999,0.483495,0
1.0,0.0333059999999999,0.027513,0.0,2.70000000135439e-08,0.929999999999999,0.0227119999999999,1.0,0.0116,0.0,1.0,0.935896,0,0.42117,0.247245254555,0.61,0.0,0.012579,0.82,1.0,0.315598,0.225759,0.386117999999999,0.0435690732197193,0.136,0.283675629,0.02,0,0.00430833150499998,0.110149,0.0951999999999999,0.00918699999999994,0.84,0.0,0.01,0.339999999999999,1.0,0,0.0369869999999999,0.997488,0.0,0.279707634801583,0.038235,0.203255198466,0.84,0.0394459999999999,0.42117,0.338872552,0.211999999999999,0.386117999999999,0.999982,1.0,0.0,0.017135,0.0,0.211999999999999,0.315598,0.84,0.136,0.0,0
0.0,0.111724,0.108986999999999,0.0,0.9998448,0.775,0.235354999999999,0.427192,0.0561,0.111724,0.0,0.012031,0,0.28188,0.161063094871,0.28,0.638269,0.509171,0.9,0.427192,0.203370999999999,0.253235,0.249132,0.0123467115356064,0.0,0.118061061,0.0,1,1.19695470000014e-05,0.040331,0.0907,0.00924599999999997,0.92,0.235354999999999,0.03,0.152,0.0,0,0.638269,0.0627649999999999,0.0,0.0530745738348039,0.135784,0.203260419162,0.96,0.324949,0.28188,0.542953908,0.118,0.249132,0.0396549999999999,1.0,0.185564999999999,0.185564999999999,0.509171,0.118,0.203370999999999,0.96,0.058,0.108986999999999,0
0.0,0.0180529999999999,0.23738,0.0,0.01686257,0.8,0.0107059999999999,0.0,0.103199999999999,0.0,0.0,0.011772,0,0.246873,0.148758782988,0.28,0.0,0.069532,0.84,0.016144,0.215859,0.250619,0.175149,0.0144852941176469,0.0,0.300106359,0.189999999999999,1,0.015842258668,0.025868,0.0638999999999999,0.0110959999999999,0.87,0.0,0.02,0.304,0.0,0,0.00251199999999995,0.015579,0.333333333,0.233988604532721,0.0611479999999999,0.203266364015999,0.91,0.0620789999999999,0.246873,3.54599999996541e-06,0.0,0.175149,0.00610699999999997,1.0,0.0,0.0100289999999999,0.0,0.022,0.215859,0.91,0.024,0.23738,0
0.550448,0.133422999999999,0.076697,0.0,0.496049199999999,0.95,0.0156619999999999,1.0,0.0,0.133422999999999,0.709829,0.709829,0,0.123191,0.058615277804,0.659999999999999,0.0,0.011216,0.94,0.999716,0.281676,0.276089999999999,0.324459999999999,0.0242697280101594,0.0,0.059289813,0.0699999999999999,0,0.0284765356899999,0.110616,0.0607999999999999,0.036966,0.929999999999999,0.0,0.01,0.308,1.0,0,0.00161699999999997,0.550448,0.0,0.0512117327117329,0.034571,0.203271775469999,0.95,0.0373029999999999,0.123191,0.522112608,0.0,0.324459999999999,0.980992,1.0,0.0,0.00775800000000004,0.0,0.0699999999999999,0.281676,0.95,0.054,0.0,0
0.0,0.00848999999999999,0.000842000000000009,0.0,0.195084999999999,0.86,0.00457499999999999,0.212994,0.001,0.0,0.0,0.00286799999999998,0,0.204787,0.054831395396,0.6,0.0,0.00924199999999997,0.97,0.212994,0.206806,0.256941,0.194007,0.038191705693785,0.0,0.203472124,0.0,1,0.000348389682000016,0.00480400000000003,0.124099999999999,0.003448,0.96,0.0,0.0,0.144,0.0,0,0.00135200000000001,0.0291169999999999,0.0,0.000588235294118,0.0231149999999999,0.203260800237999,0.97,0.01551,0.204787,0.563493013,0.0,0.194007,0.0429169999999999,1.0,0.0,0.00208200000000002,0.0,0.044,0.206806,0.97,0.05,0.0,0
0.0,0.064848,0.037725,0.0,0.0279575199999999,0.905,0.0460519999999999,0.0,0.0328,0.0,0.178771,0.178771,0,0.172811,0.055044028955,0.39,0.0,0.095856,0.91,0.034239,0.245627,0.242398,0.236728,0.0235809272506712,0.0,0.171179255999999,0.27,1,0.0488759927399999,0.0884589999999999,0.0514,0.048485,0.92,0.0,0.0699999999999999,0.26,0.0,0,0.017144,0.0741009999999999,0.333333333,0.343622090469917,0.267872,0.203276158063,0.89,0.336151,0.172811,0.174653381,0.0,0.236728,0.030726,1.0,0.0,0.018626,0.0,0.0839999999999999,0.245627,0.89,0.0679999999999999,0.0,0
0.178579,0.032829,0.0276469999999999,0.0,0.4518138,0.82,0.078589,0.0,0.0171,0.0,0.262771,0.262771,1,0.412850999999999,0.168224184575999,0.6,0.0,0.042393,0.459999999999999,0.0536489999999999,0.231356,0.219159,0.230294,0.458430322600523,0.213999999999999,0.438036820999999,0.12,1,0.109753275159,0.14478,0.2536,0.071316,0.52,0.0,0.4,0.632,0.113113,1,0.0557389999999999,0.178579,0.222222221999999,0.396127827035376,0.0748339999999999,0.203256265460999,0.43,0.0704799999999999,0.412850999999999,0.71058327,0.27,0.230294,0.113113,1.0,0.0,0.028777,0.0,0.27,0.231356,0.43,0.213999999999999,0.0,0
0.593287,0.00793900000000003,0.00156100000000003,1.0,0.00345214900000001,0.735,0.542462,1.0,0.0794,0.0,0.561744,0.561744,0,0.130706,0.148758782988,0.57,0.471419999999999,0.779714999999999,0.94,0.999325,0.269055,0.234172,0.253069,0.0179835767402191,0.0,0.240195390999999,0.17,0,0.00491076805299994,0.161609,0.1198,0.918844,0.95,0.542462,0.12,0.335999999999999,0.860498,0,0.471419999999999,0.593287,0.333333333,0.160581678125796,0.607488,0.203278482771,0.89,0.821955,0.130706,0.153083949999999,0.113999999999999,0.253069,0.860498,0.929999999999999,0.288714,0.288714,0.779714999999999,0.113999999999999,0.269055,0.89,0.0939999999999999,0.0,0
